nome,idade,data_de_nascimento
Beatriz Souza,21,2003-04-09
Natalia Oliveira,34,1990-06-02
Sofia Oliveira,39,1985-09-19
Thiago Oliveira,19,2005-01-26
Gabriel Pereira,46,1978-07-16
Helena Ferreira,36,1988-11-08
Carlos Ferreira,63,1961-10-30
Fernanda Ferreira,16,2008-08-10
Rafael Lima,48,1976-06-13
Eduardo Oliveira,27,1996-12-04
Fernanda Gomes,40,1984-03-13
Helena Oliveira,59,1965-09-27
Ana Almeida,45,1978-12-17
Isabela Rodrigues,54,1969-12-16
Natalia Santos,35,1989-06-26
Beatriz Gomes,67,1957-02-17
Thiago Santos,55,1969-08-05
Marcos Silva,22,2002-02-27
Larissa Oliveira,27,1997-04-27
Natalia Ferreira,65,1959-09-07
Isabela Almeida,59,1965-03-22
Eduardo Martins,60,1963-12-18
Sofia Lima,64,1960-10-08
Thiago Santos,17,2007-06-26
Sofia Lima,67,1957-08-13
Sofia Almeida,70,1954-05-25
Larissa Oliveira,72,1952-08-14
Daniel Souza,16,2008-05-29
Beatriz Martins,40,1984-06-29
Paulo Gomes,38,1986-06-29
Ana Gomes,53,1971-08-19
Rafael Lima,22,2002-09-09
Thiago Almeida,69,1955-06-13
Thiago Ribeiro,15,2008-11-25
Eduardo Santos,46,1978-08-29
Gabriel Silva,66,1958-06-27
Fernanda Souza,24,2000-04-28
Eduardo Ferreira,17,2007-03-27
Natalia Martins,39,1985-01-21
Marcos Oliveira,35,1989-10-07
Ana Pereira,70,1954-03-25
Beatriz Pereira,65,1959-06-08
Natalia Martins,43,1981-01-24
Rafael Ferreira,37,1987-05-16
Larissa Almeida,65,1959-03-12
Paulo Santos,43,1981-09-01
Helena Santos,49,1975-03-13
Natalia Ribeiro,23,2001-08-15
João Santos,32,1992-02-16
Helena Martins,41,1982-12-09
Paulo Ribeiro,41,1983-01-06
Natalia Rodrigues,73,1951-01-01
João Oliveira,63,1961-11-05
Rafael Pereira,40,1984-10-15
Carlos Ribeiro,32,1992-06-09
Ana Lima,44,1980-01-29
Larissa Gomes,26,1998-08-27
Thiago Ferreira,70,1954-11-04
Natalia Oliveira,44,1980-08-27
Rafael Gomes,54,1970-10-22
Beatriz Pereira,35,1989-01-19
Natalia Ribeiro,69,1955-08-18
Vanessa Pereira,73,1951-09-05
Larissa Ribeiro,49,1974-11-24
Helena Lima,64,1960-03-22
Fernanda Almeida,32,1992-05-29
João Ribeiro,28,1996-02-23
Carlos Gomes,22,2002-07-30
Natalia Pereira,32,1992-07-11
João Ferreira,31,1993-09-07
Beatriz Gomes,33,1991-10-22
Fernanda Rodrigues,73,1951-05-23
Isabela Almeida,31,1993-02-13
Larissa Rodrigues,46,1978-05-20
Eduardo Ferreira,23,2000-11-20
Fernanda Gomes,53,1970-12-31
Rafael Santos,63,1961-01-19
Gabriel Gomes,22,2002-01-07
Eduardo Silva,24,2000-08-13
Vanessa Almeida,16,2008-05-07
Paulo Rodrigues,27,1997-09-27
Paulo Ferreira,31,1993-01-14
Eduardo Lima,32,1992-02-05
Carlos Ribeiro,34,1990-02-22
Thiago Gomes,45,1979-02-02
Carlos Martins,54,1970-02-09
Vanessa Ribeiro,17,2007-03-29
Daniel Oliveira,30,1994-03-30
Paulo Rodrigues,50,1974-01-24
Sofia Gomes,29,1995-08-05
Natalia Oliveira,29,1994-11-13
Rafael Gomes,20,2004-09-21
Daniel Pereira,45,1979-06-26
Beatriz Pereira,66,1958-10-12
Natalia Almeida,45,1979-06-20
Daniel Ferreira,32,1992-02-10
Sofia Silva,69,1955-02-12
Vanessa Martins,24,2000-08-22
Vanessa Gomes,27,1997-06-02
Larissa Almeida,52,1972-06-20
Isabela Lima,50,1974-06-19
Beatriz Gomes,51,1973-07-20
Larissa Martins,29,1995-03-16
Gabriel Rodrigues,60,1964-07-18
Ana Ribeiro,43,1981-08-16
Thiago Lima,40,1984-09-09
Sofia Almeida,52,1972-11-03
Eduardo Almeida,59,1965-04-03
Sofia Souza,60,1964-04-08
Sofia Gomes,21,2003-10-25
João Souza,33,1991-08-26
Rafael Pereira,67,1957-03-13
Rafael Souza,57,1967-01-12
Beatriz Almeida,31,1993-06-03
Isabela Souza,59,1965-05-21
Daniel Lima,32,1992-04-24
Thiago Lima,62,1962-02-19
Daniel Pereira,68,1956-02-15
Paulo Ribeiro,45,1979-10-14
Daniel Silva,58,1965-12-09
Thiago Lima,33,1991-07-15
Helena Pereira,45,1979-04-06
Gabriel Silva,43,1981-07-07
João Ferreira,46,1977-12-07
Gabriel Gomes,68,1956-10-04
Daniel Ferreira,26,1998-07-30
Sofia Almeida,28,1996-07-26
Vanessa Martins,37,1987-08-20
Vanessa Martins,63,1961-10-05
Gabriel Pereira,70,1954-07-26
Larissa Rodrigues,46,1978-10-12
Vanessa Oliveira,19,2005-01-01
Eduardo Pereira,53,1971-09-05
João Souza,38,1986-08-04
Eduardo Souza,55,1969-09-12
Carlos Pereira,17,2006-11-28
Natalia Gomes,64,1960-01-05
Vanessa Pereira,48,1976-03-23
Beatriz Pereira,70,1954-06-21
Beatriz Martins,68,1956-09-17
Marcos Santos,51,1973-10-13
Fernanda Santos,44,1980-03-02
Marcos Pereira,47,1977-08-12
Marcos Ferreira,46,1978-03-01
Sofia Almeida,41,1983-10-12
Larissa Ferreira,61,1963-10-18
Marcos Ferreira,38,1986-10-16
Eduardo Santos,28,1996-04-13
Rafael Santos,54,1970-05-13
Eduardo Gomes,64,1960-07-06
Beatriz Pereira,28,1996-08-06
Gabriel Lima,64,1960-11-07
Gabriel Gomes,46,1977-11-30
Natalia Silva,64,1960-03-03
Beatriz Oliveira,62,1962-04-17
Gabriel Martins,54,1970-08-15
Gabriel Ribeiro,49,1975-08-27
Eduardo Souza,69,1954-11-23
Eduardo Lima,30,1994-02-20
Beatriz Souza,51,1973-10-31
Helena Almeida,57,1967-07-04
Isabela Silva,51,1972-11-12
João Almeida,33,1990-11-10
Carlos Santos,71,1952-11-24
João Rodrigues,33,1990-11-27
Thiago Ribeiro,20,2004-10-10
Thiago Pereira,54,1970-07-22
Sofia Almeida,42,1982-08-05
Ana Martins,39,1985-08-13
Marcos Santos,34,1990-01-20
Daniel Gomes,63,1961-05-06
Eduardo Souza,37,1987-03-27
Beatriz Lima,27,1997-09-26
Fernanda Santos,72,1952-02-09
Vanessa Ribeiro,64,1960-10-23
Helena Ferreira,52,1971-11-13
Daniel Rodrigues,31,1992-11-30
Eduardo Rodrigues,67,1957-08-20
Rafael Ferreira,57,1967-05-10
Sofia Martins,56,1968-07-21
Larissa Santos,61,1963-05-28
Sofia Almeida,36,1988-10-23
Rafael Silva,70,1954-09-06
Daniel Lima,19,2005-03-13
Carlos Almeida,44,1980-09-29
Eduardo Santos,37,1987-02-20
Fernanda Martins,35,1989-06-25
João Lima,46,1978-10-03
Carlos Ribeiro,52,1971-12-08
Carlos Oliveira,49,1975-03-01
Beatriz Rodrigues,55,1969-02-20
Marcos Souza,35,1989-01-03
Helena Ferreira,71,1953-04-27
Paulo Ribeiro,36,1988-01-17
Eduardo Ribeiro,46,1978-01-05
Paulo Martins,24,2000-04-22
Natalia Rodrigues,60,1964-05-17
Larissa Lima,69,1955-01-27
Marcos Oliveira,69,1955-03-13
Isabela Gomes,63,1961-10-06
Helena Martins,64,1960-05-30
Fernanda Ribeiro,17,2007-07-10
Paulo Souza,62,1961-11-16
João Rodrigues,65,1959-06-16
Larissa Ribeiro,47,1976-11-25
Vanessa Almeida,51,1973-10-12
Daniel Gomes,49,1975-05-21
Larissa Almeida,39,1984-11-27
João Souza,40,1984-04-05
Rafael Rodrigues,73,1951-01-12
João Rodrigues,54,1970-10-01
Gabriel Lima,45,1979-02-25
Sofia Rodrigues,38,1986-07-25
Beatriz Almeida,32,1991-12-16
Paulo Rodrigues,73,1951-01-11
Fernanda Rodrigues,38,1985-12-25
Sofia Lima,22,2001-12-13
Isabela Lima,14,2010-02-08
João Silva,37,1987-01-16
Daniel Ribeiro,54,1970-09-04
Paulo Ribeiro,71,1953-09-22
Gabriel Souza,55,1969-07-31
Thiago Lima,64,1959-12-20
Helena Ferreira,14,2010-02-08
Isabela Santos,58,1966-08-01
Daniel Pereira,62,1962-08-06
Sofia Rodrigues,25,1999-08-19
Paulo Pereira,23,2001-02-08
Eduardo Ribeiro,61,1963-03-22
Rafael Gomes,39,1985-11-03
Marcos Martins,74,1950-01-11
Natalia Martins,52,1972-09-11
Eduardo Rodrigues,51,1973-10-04
Isabela Almeida,38,1986-10-09
Helena Souza,72,1952-08-05
Thiago Ferreira,34,1989-12-13
Thiago Gomes,14,2010-05-14
Natalia Almeida,17,2007-07-19
Larissa Ribeiro,42,1982-01-05
João Lima,27,1997-07-22
Natalia Gomes,27,1997-07-30
Paulo Gomes,31,1993-06-07
Isabela Rodrigues,38,1986-02-12
João Gomes,20,2004-08-04
Natalia Rodrigues,48,1975-11-16
Natalia Lima,18,2006-08-24
Eduardo Lima,55,1969-02-06
Daniel Oliveira,61,1963-10-12
Natalia Gomes,44,1980-08-12
Fernanda Ferreira,55,1969-04-14
Fernanda Ribeiro,53,1971-10-31
Helena Oliveira,70,1953-11-17
Sofia Ferreira,14,2010-01-07
Daniel Martins,62,1962-06-18
Rafael Almeida,49,1975-09-18
Eduardo Lima,52,1972-11-03
Larissa Ferreira,46,1978-03-11
Carlos Pereira,40,1984-07-11
Natalia Gomes,39,1985-01-31
Eduardo Oliveira,20,2004-03-07
Rafael Ribeiro,69,1955-10-03
Helena Rodrigues,32,1992-08-21
Eduardo Oliveira,41,1983-06-19
Vanessa Gomes,71,1953-05-23
Gabriel Oliveira,74,1950-05-05
Eduardo Almeida,46,1977-11-29
Larissa Souza,50,1974-01-03
João Pereira,42,1982-09-10
Eduardo Almeida,70,1953-12-30
Daniel Rodrigues,21,2003-10-08
Isabela Martins,74,1950-05-19
Helena Oliveira,70,1953-12-30
Rafael Rodrigues,52,1972-11-02
Sofia Santos,33,1991-09-04
Eduardo Silva,28,1996-08-05
Marcos Santos,14,2010-07-08
Natalia Almeida,74,1950-06-14
Isabela Silva,58,1965-12-29
Marcos Ribeiro,51,1973-05-18
Daniel Lima,33,1991-03-12
João Ribeiro,41,1983-01-23
João Gomes,21,2003-02-09
Thiago Rodrigues,31,1993-04-05
Fernanda Pereira,50,1974-08-06
Fernanda Almeida,49,1975-10-30
Fernanda Santos,21,2003-04-04
Gabriel Ribeiro,38,1986-09-28
Rafael Pereira,53,1971-05-11
Rafael Martins,34,1990-07-25
Beatriz Pereira,50,1974-11-03
João Rodrigues,50,1974-02-22
Thiago Martins,74,1950-09-16
Isabela Silva,42,1982-01-04
Larissa Santos,72,1952-09-02
Gabriel Oliveira,72,1951-12-21
Vanessa Gomes,37,1987-01-28
Larissa Ribeiro,63,1961-05-26
Vanessa Oliveira,44,1980-05-27
Isabela Santos,46,1978-01-28
Daniel Lima,56,1968-08-04
Fernanda Rodrigues,64,1960-05-27
Beatriz Pereira,70,1954-07-14
Vanessa Ribeiro,48,1975-12-27
Beatriz Souza,47,1977-07-28
Eduardo Santos,17,2007-09-09
Daniel Souza,14,2010-11-06
Marcos Oliveira,40,1983-12-05
Eduardo Ribeiro,55,1969-06-14
Marcos Martins,28,1996-02-23
Fernanda Almeida,16,2008-08-13
Vanessa Oliveira,62,1962-01-21
Thiago Oliveira,68,1955-12-01
Sofia Santos,42,1982-10-15
João Almeida,31,1993-10-07
Helena Lima,46,1978-08-22
Daniel Martins,35,1989-03-22
Marcos Silva,19,2005-11-02
Eduardo Almeida,73,1951-04-16
Paulo Ribeiro,18,2006-09-08
Ana Oliveira,25,1998-11-24
Marcos Santos,59,1964-12-06
Daniel Martins,60,1964-09-20
Paulo Almeida,35,1989-04-18
Helena Lima,29,1995-09-30
Helena Ribeiro,64,1960-06-10
Vanessa Rodrigues,73,1951-03-07
Gabriel Ferreira,50,1974-03-19
Carlos Oliveira,40,1984-01-02
Helena Pereira,16,2008-08-16
Eduardo Silva,53,1971-07-11
Natalia Lima,26,1998-02-20
João Oliveira,46,1977-11-16
Vanessa Silva,24,2000-09-01
Thiago Ferreira,14,2010-11-06
Fernanda Silva,45,1979-08-19
Beatriz Gomes,24,2000-01-11
Daniel Ferreira,69,1955-10-19
João Ribeiro,35,1989-10-23
Sofia Oliveira,68,1956-06-25
Helena Santos,73,1951-09-17
Larissa Lima,23,2001-10-25
Vanessa Martins,45,1979-02-04
Carlos Almeida,51,1973-07-25
Beatriz Almeida,47,1977-04-29
Vanessa Ribeiro,27,1997-08-01
Eduardo Silva,64,1960-04-10
Thiago Souza,69,1955-08-30
Paulo Silva,69,1955-03-16
Gabriel Lima,71,1953-09-02
Isabela Silva,30,1994-05-31
Rafael Rodrigues,19,2005-09-28
Helena Pereira,68,1955-12-27
Daniel Lima,14,2010-10-05
Marcos Martins,49,1975-08-29
Marcos Lima,18,2006-02-05
Ana Pereira,58,1965-12-11
Natalia Ferreira,22,2002-04-07
Helena Almeida,45,1979-10-08
Sofia Gomes,53,1971-02-14
Larissa Ribeiro,73,1951-07-29
Isabela Ferreira,35,1989-02-23
Natalia Souza,61,1962-11-12
Helena Lima,62,1962-01-01
Larissa Silva,32,1992-08-17
João Almeida,17,2007-04-05
Helena Silva,53,1971-11-05
Isabela Martins,37,1986-12-16
Gabriel Oliveira,70,1954-08-12
Thiago Almeida,47,1977-07-09
Gabriel Ribeiro,32,1992-08-10
Rafael Almeida,70,1953-11-30
Sofia Silva,29,1995-08-26
Natalia Silva,37,1987-07-01
Fernanda Ferreira,48,1976-08-30
João Almeida,59,1965-05-17
Gabriel Rodrigues,66,1958-03-28
Helena Silva,56,1968-02-27
Gabriel Rodrigues,60,1964-01-29
Natalia Ferreira,50,1973-12-04
Rafael Ferreira,45,1979-07-18
Gabriel Santos,26,1998-02-05
Beatriz Almeida,45,1979-08-22
Daniel Gomes,26,1997-11-29
Carlos Ferreira,66,1957-11-20
Marcos Ferreira,47,1977-06-29
Gabriel Souza,24,2000-06-03
Paulo Martins,37,1987-03-24
Daniel Ribeiro,34,1990-09-18
Carlos Oliveira,31,1993-01-23
Eduardo Ferreira,45,1979-01-03
Beatriz Pereira,54,1970-01-19
Carlos Lima,74,1950-01-01
Beatriz Ribeiro,19,2005-05-23
Ana Ferreira,42,1982-01-24
Thiago Rodrigues,50,1974-01-13
Carlos Lima,32,1992-03-14
João Oliveira,63,1961-07-13
Paulo Lima,22,2002-10-15
Gabriel Rodrigues,52,1972-09-08
Ana Pereira,53,1971-04-26
Rafael Silva,39,1984-11-24
Natalia Santos,55,1969-07-12
Rafael Almeida,73,1951-08-23
Helena Souza,47,1977-06-21
Helena Ribeiro,72,1952-08-24
Larissa Rodrigues,40,1984-09-09
Rafael Ribeiro,29,1995-08-18
Thiago Santos,49,1975-09-30
Isabela Lima,42,1982-11-02
Paulo Ribeiro,25,1998-11-30
Sofia Ferreira,44,1980-03-10
Sofia Souza,35,1989-01-27
Rafael Pereira,28,1996-04-25
Rafael Rodrigues,21,2003-02-01
Paulo Ferreira,49,1975-09-13
Paulo Pereira,32,1992-05-05
Eduardo Santos,53,1971-01-29
Vanessa Rodrigues,33,1991-05-16
João Almeida,35,1989-02-13
Ana Oliveira,64,1960-01-04
Paulo Almeida,49,1975-01-18
Gabriel Lima,44,1980-06-27
Beatriz Martins,66,1958-07-24
Carlos Santos,66,1958-02-06
João Lima,36,1988-03-19
Marcos Martins,26,1998-09-18
Sofia Santos,29,1995-01-02
Natalia Ferreira,36,1987-12-04
Natalia Almeida,59,1965-10-27
Paulo Martins,21,2002-11-09
Vanessa Santos,56,1968-07-21
Natalia Lima,66,1958-10-19
Ana Ribeiro,72,1951-12-28
Isabela Souza,19,2005-09-02
João Santos,26,1998-04-24
Vanessa Silva,43,1981-06-13
Isabela Almeida,18,2006-11-02
Gabriel Santos,58,1966-09-29
João Ribeiro,33,1991-05-04
Daniel Martins,24,2000-04-11
Daniel Souza,24,2000-01-07
Helena Almeida,58,1966-01-02
Daniel Martins,19,2005-10-17
Ana Silva,19,2005-05-26
João Gomes,52,1972-06-30
Carlos Ribeiro,52,1972-07-04
Isabela Pereira,62,1962-07-14
Paulo Santos,62,1962-01-13
Ana Ferreira,63,1961-02-08
Fernanda Pereira,56,1968-01-06
Isabela Silva,73,1951-11-07
Larissa Pereira,73,1951-04-03
Fernanda Silva,36,1988-03-04
Vanessa Souza,54,1970-02-13
Larissa Martins,67,1957-07-22
Carlos Souza,28,1996-06-11
Natalia Souza,61,1963-10-19
Vanessa Gomes,43,1981-04-27
João Silva,60,1964-02-24
Rafael Ferreira,50,1974-03-19
Vanessa Rodrigues,72,1952-09-09
Beatriz Martins,39,1984-12-10
Beatriz Silva,65,1959-06-13
Helena Pereira,65,1959-03-29
Carlos Rodrigues,33,1991-05-15
Larissa Ferreira,72,1952-07-06
Rafael Gomes,29,1995-03-13
Fernanda Rodrigues,25,1999-06-11
Carlos Pereira,37,1987-10-26
Isabela Silva,35,1989-06-02
Vanessa Ribeiro,26,1998-07-04
João Pereira,72,1951-11-21
Helena Pereira,43,1981-09-15
Helena Silva,48,1976-08-07
Helena Silva,52,1972-10-21
Larissa Gomes,65,1959-03-20
Beatriz Lima,27,1996-12-10
João Pereira,26,1998-06-20
Sofia Ferreira,50,1974-03-13
Rafael Almeida,69,1955-09-02
Thiago Oliveira,36,1988-10-18
Natalia Rodrigues,54,1970-07-23
Paulo Santos,49,1975-10-31
Carlos Santos,41,1983-01-30
Fernanda Rodrigues,20,2004-07-26
Paulo Ferreira,38,1986-03-26
Fernanda Rodrigues,60,1964-07-18
Paulo Ferreira,52,1971-11-21
Thiago Souza,74,1950-10-28
Marcos Almeida,54,1970-06-19
Larissa Lima,36,1988-04-29
Rafael Santos,54,1970-10-15
Vanessa Pereira,27,1997-06-04
Thiago Ferreira,34,1990-07-05
Gabriel Martins,60,1963-11-18
Paulo Souza,63,1961-10-19
Carlos Martins,58,1966-03-16
João Silva,51,1973-02-08
Daniel Almeida,32,1991-11-09
Fernanda Martins,38,1986-09-04
